-- cliente
INSERT INTO CLIENTE(ID_CLIENTE, TIPO_DLIENTE, NOME) 
VALUES ('01', 'pj', 'José Silva');

INSERT INTO CLIENTE(ID_CLIENTE, TIPO_DLIENTE, NOME) 
VALUES ('02', 'pf', 'Maria Souza');

INSERT INTO CLIENTE(ID_CLIENTE, TIPO_DLIENTE, NOME)
VALUES ('03', 'pj', 'João Alves');

--endereco
INSERT INTO ENDERECO(ID_ENDERECO, ID_CLIENTE, RUA, COMPLEMENTO, BAIRRO, CIDADE, CEP, NUMERO) 
VALUES ('12345', '01', 'Rua A', '106', 'Joaquina', 'Porto Alegre', '97450789', '123');

INSERT INTO ENDERECO(ID_ENDERECO, ID_CLIENTE, RUA, COMPLEMENTO, BAIRRO, CIDADE, CEP, NUMERO) 
VALUES ('12346', '02', 'Rua B', '910', 'Passaros', 'Gravatai', '97567234', '450');

INSERT INTO ENDERECO(ID_ENDERECO, ID_CLIENTE, RUA, COMPLEMENTO, BAIRRO, CIDADE, CEP, NUMERO)
VALUES ('12347', '03', 'Rua C', 'casa', 'Lagos', 'Porto Alegre''', '98752360', '100');

--telefone
INSERT INTO TELEFONE(NUM_TELEFONE, DDD, NUMERO, DESCRICAO, ID_CLIENTE)
VALUES ('51984523201', '51', '984523201', 'Particular', '01');

INSERT INTO TELEFONE(NUM_TELEFONE, DDD, NUMERO, DESCRICAO, ID_CLIENTE)
VALUES ('51963254879', '51', '963254879', 'Particular', '02');

INSERT INTO TELEFONE(NUM_TELEFONE, DDD, NUMERO, DESCRICAO, ID_CLIENTE)
VALUES ('5133692530', '51', '33692530', 'Comercial', '03');

--seguradora
INSERT INTO SEGURADORA(NUM_SUSEP, NOME) 
VALUES ('12345', 'Seguros SA');

INSERT INTO SEGURADORA(NUM_SUSEP, NOME) 
VALUES ('54321', 'Protege');

--pessoa_fisica
INSERT INTO PESSOA_FISICA(ID_PESSOA_FISICA, ID_CLIENTE, CPF, RG, DATA_NASCIMENTO)
VALUES ('01', '02', '9632587410', '7894561230', TO_DATE('1958-05-03 00:00:00', 'YYYY-MM-DD HH24:MI:SS'));

INSERT INTO PESSOA_FISICA(ID_PESSOA_FISICA, ID_CLIENTE, CPF, RG, DATA_NASCIMENTO)
VALUES ('2', '04', '5698421036', '9875221001', TO_DATE('1990-12-26 00:00:00', 'YYYY-MM-DD HH24:MI:SS'));

INSERT INTO PESSOA_FISICA(ID_PESSOA_FISICA, ID_CLIENTE, CPF, RG, DATA_NASCIMENTO)
VALUES ('03', '06', '63521203650', '96358742', TO_DATE('1990-08-06 00:00:00', 'YYYY-MM-DD HH24:MI:SS'));

--pessoa_juridica
INSERT INTO PESSOA_JURIDICA(ID_PESSOA_JURIDICA, ID_CLIENTE, CNPJ, INSCRICAO_ESTADUAL)
VALUES ('1', '01', '100523699874201', '6500');

INSERT INTO PESSOA_JURIDICA(ID_PESSOA_JURIDICA, ID_CLIENTE, CNPJ, INSCRICAO_ESTADUAL)
VALUES ('2', '03', '589752016320548', '89005');

--caminhao
INSERT INTO CAMINHAO(ID_CAMINHAO, MODELO, PLACA, ANO, MARCA)
VALUES ('150', '113H', 'ioz6328', '2005', 'Scania');

--dependente
INSERT INTO DEPENDENTE(ID_DEPENDENTE, NOME, IDADE, DATA_NASCIMENTO)
VALUES ('1000', 'Joaquim Silva', '10', TO_DATE('1955-05-05 00:00:00', 'YYYY-MM-DD HH24:MI:SS'));

--motorista
INSERT INTO MOTORISTA(ID_MOTORISTA, NOME, SALARIO, DATA_NASCIMENTO, CNH)
VALUES ('01', 'Andre Menezes', '3500,50', TO_DATE('1992-04-12 00:00:00', 'YYYY-MM-DD HH24:MI:SS'), '0321654987');

INSERT INTO MOTORISTA(ID_MOTORISTA, NOME, SALARIO, DATA_NASCIMENTO, CNH)
VALUES ('02', 'Camila Flores', '3500,50', TO_DATE('1982-02-03 00:00:00', 'YYYY-MM-DD HH24:MI:SS'), '9512364879021');

--cidade
INSERT INTO CIDADE(COD_IBGE, NOME, UF, DISTANCIA)
VALUES ('250250', 'Porto Alegre', 'RS', '100');

INSERT INTO CIDADE(COD_IBGE, NOME, UF, DISTANCIA)
VALUES ('321123', 'Gravatai', 'RS', '225');

--entrega
INSERT INTO ENTREGA(NUM_ENTREGA, VALOR_TOTAL, DATA_SAIDA, DATA_CHEGADA, VALOR_ENTREGA, COD_IBGE, ID_CLIENTE, ID_CAMINHAO)
VALUES ('9874596', '15000,00', TO_DATE('2022-07-02 00:00:00', 'YYYY-MM-DD HH24:MI:SS'), TO_DATE('2022-07-05 00:00:00', 'YYYY-MM-DD HH24:MI:SS'), '12000,00', '250250', '04', '150');

INSERT INTO ENTREGA(NUM_ENTREGA, VALOR_TOTAL, DATA_SAIDA, DATA_CHEGADA, VALOR_ENTREGA, COD_IBGE, ID_CLIENTE, ID_CAMINHAO)
VALUES ('321654', '5000', TO_DATE('2022-07-10 00:00:00', 'YYYY-MM-DD HH24:MI:SS'), TO_DATE('2022-07-10 00:00:00', 'YYYY-MM-DD HH24:MI:SS'), '3500,75', '321123', '01', '150');

INSERT INTO ENTREGA(NUM_ENTREGA, VALOR_TOTAL, DATA_SAIDA, DATA_CHEGADA, VALOR_ENTREGA, COD_IBGE, ID_CLIENTE, ID_CAMINHAO)
VALUES ('147123', '700,00', TO_DATE('2022-09-09 00:00:00', 'YYYY-MM-DD HH24:MI:SS'), TO_DATE('2022-09-12 00:00:00', 'YYYY-MM-DD HH24:MI:SS'), '500,30', '250250', '04', '75');

--apolice
INSERT INTO APOLICE(NUM_APOLICE, NUM_SUSEP, VALOR_FRANQUIA, VALOR_PREMIO, ID_PESSOA_JURIDICA, ID_CLIENTE, NUM_ENTREGA)
VALUES ('123789', '12345', '5999,99', '8999,99', '1', '01', '321654');

INSERT INTO APOLICE(NUM_APOLICE, NUM_SUSEP, VALOR_FRANQUIA, VALOR_PREMIO, ID_PESSOA_JURIDICA, ID_CLIENTE, NUM_ENTREGA)
VALUES ('987321', '54321', '75000', '150000', '2', '03', '9874596');

--categoria
INSERT INTO CATEGORIA(ID_CATEGORIA, NOME, DESCRICAO)
VALUES ('1', 'Eletro', 'Produtos eletronicos');

INSERT INTO CATEGORIA(ID_CATEGORIA, NOME, DESCRICAO)
VALUES ('2', 'XL', 'Produtos grandes');

--item
INSERT INTO ITEM(ID_ITEM, VALOR_UNITARIO, PESO, DIMENSAO, DESCRICAO, ID_CATEGORIA)
VALUES ('10', '250,50', '1', '3', 'Celular', '1');

INSERT INTO ITEM(ID_ITEM, VALOR_UNITARIO, PESO, DIMENSAO, DESCRICAO, ID_CATEGORIA)
VALUES ('15', '999,99', '20', '5,25', 'Notebook', '1');

INSERT INTO ITEM(ID_ITEM, VALOR_UNITARIO, PESO, DIMENSAO, DESCRICAO, ID_CATEGORIA)
VALUES ('20', '35,67', '0,2', '1,5', 'Papel', '3');

--item_entrega
INSERT INTO ITEM_ENTREGA(ID_ITEM, NUM_ENTREGA, VALOR_DECLARADO)
VALUES ('15', '9874596', '225000');

INSERT INTO ITEM_ENTREGA(ID_ITEM, NUM_ENTREGA, VALOR_DECLARADO)
VALUES ('20', '147123', '500');

INSERT INTO ITEM_ENTREGA(ID_ITEM, NUM_ENTREGA, VALOR_DECLARADO)
VALUES ('25', '321654', '5000');

--motorista_entrega
INSERT INTO MOTORISTA_ENTREGA(ID_MOTORISTA, NUM_ENTREGA, QUANTIDADE)
VALUES ('1', '9874596', '1');

INSERT INTO MOTORISTA_ENTREGA(ID_MOTORISTA, NUM_ENTREGA, QUANTIDADE)
VALUES ('1', '147123', '1');

--pedido
INSERT INTO PEDIDO(ID_PEDIDO, DATA_PEDIDO, VALOR_PEDIDO, NUM_ENTREGA)
VALUES ('100', TO_DATE('2022-06-30 00:00:00', 'YYYY-MM-DD HH24:MI:SS'), '15000', '123456');

INSERT INTO PEDIDO(ID_PEDIDO, DATA_PEDIDO, VALOR_PEDIDO, NUM_ENTREGA)
VALUES ('200', TO_DATE('2022-07-01 00:00:00', 'YYYY-MM-DD HH24:MI:SS'), '5000', '321654');

INSERT INTO PEDIDO(ID_PEDIDO, DATA_PEDIDO, VALOR_PEDIDO, NUM_ENTREGA)
VALUES ('300', TO_DATE('2022-06-25 00:00:00', 'YYYY-MM-DD HH24:MI:SS'), '700', '147123');







